Sample,DIFAM_06_T1,DIFAM_34_T1,DIFAM_39_T1,DIFAM_46_T1,DIFAM_37_T1,DIFAM_28_T1,DIFAM_32_T1,DIFAM_41_T1,DIFAM_42_T1,DIFAM_47_T1,DIFAM_01_T1,DIFAM_04_T1,DIFAM_08_T1,DIFAM_10_T1,DIFAM_29_T1,DIFAM_26_T1,DIFAM_06_T2,DIFAM_34_T2,DIFAM_39_T2,DIFAM_46_T2,DIFAM_37_T2,DIFAM_28_T2,DIFAM_32_T2,DIFAM_41_T2,DIFAM_42_T2,DIFAM_47_T2,DIFAM_01_T2,DIFAM_04_T2,DIFAM_08_T2,DIFAM_10_T2,DIFAM_29_T2,DIFAM_26_T2
CA (μg/g dry feces),2209.708,118.926,47.626,300.496,5.819,5.111,61.837,10.264,8.923,153.87,22.376,105.791,6.039,7611.195,2.918,119.223,395.613,17.181,35.053,52.075,4.797,56.927,8.729,129.979,3.992,40.049,20.195,37.844,4.014,1148.242,10.61,1994.844
3β-DCA (μg/g dry feces),104.55,35.126,91.85,87.72,156.216,109.907,67.938,300.185,100.874,227.665,180.54,136.469,47.689,285.875,61.452,124.638,58.958,35.502,121.266,135.675,232.731,148.131,74.387,208.58,45.864,75.045,131.168,334.192,148.888,184.264,102.984,272.071
DCA (μg/g dry feces),864.27,474.389,831.815,1378.318,790.023,435.79,311.739,3442.474,458.987,2301.966,1703.625,845.988,258.643,5597.961,244.798,835.006,348.472,139.877,1035.968,1178.47,2299.903,981.604,288.062,1787.659,128.668,423.654,1062.096,2908.582,1173.981,2277.105,995.373,2246.634
LCA (μg/g dry feces),616.109,962.888,3685.721,6625.627,3987.04,2527.497,1926.16,5391.775,6140.821,6949.876,3672.29,2986.394,4136.461,3664.323,2207.247,6438.487,1960.77,1992.323,7256.188,5638.143,4010.162,8866.657,2875.351,5159.862,2535.438,2321.759,7996.094,7082.625,5376.424,6232.757,2409.071,1579.714
7-KLCA (μg/g dry feces),7.088,0.219,3.022,1.043,1.689,1.036,2.93,0.726,0.947,10.151,0.723,0.61,0.769,1.526,0.538,1.877,5.476,0.451,2.957,3.608,0.467,2.213,1.985,1.813,1.004,3.879,0.471,0.473,0.829,1.568,0.469,1.852
GCDCA (μg/g dry feces),3.142,1.828,5.368,3.591,8.152,10.141,7.318,6.56,9.13,10.136,6.56,4.698,4.601,3.022,4.373,12.028,5.532,7.341,6.868,5.572,4.28,9.243,9.161,4.499,4.662,6.402,16.791,8.346,4.836,9.922,3.39,6.583
GDCA (μg/g dry feces),4.673,0.96,2.839,1.703,6.083,15.71,11.148,2.298,7.655,7.143,5.333,5.674,5.779,1.658,7.451,10.032,4.364,5.785,5.431,2.962,2.064,14.476,10.218,4.227,5.267,6.666,12.634,4.145,3.451,7.182,2.144,4.167
HCA (μg/g dry feces),19.657,4.732,5.753,9.421,4.805,16.074,6.925,6.012,6.502,19.123,11.507,13.23,4.011,8.548,6.186,12.153,17.136,4.446,5.885,2.706,4.888,22.146,6.786,11.872,3.331,9.363,13.481,11.568,5.529,11.813,6.043,18.562
UDCA (μg/g dry feces),773.123,19.984,349.193,155.993,25.451,23.446,41.202,46.408,19.352,464.413,38.043,29.659,10.549,343.921,10.224,71.771,589.998,12.781,81.288,63.281,78.989,42.435,22.652,116.16,10.878,54.368,31.296,113.318,41.252,69.033,38.819,143.317
TLCA (μg/g dry feces),0.467,0.248,0.55,0.887,0.382,0.615,1.547,1.033,2.161,0.912,0.573,0.311,0.942,0.93,0.549,2.146,0.913,0.632,0.972,0.41,0.363,0.498,0.819,1.004,1.72,0.645,0.667,1.396,0.8,0.324,0.513,0.694
5-cholenic (μg/g dry feces),1.095,1.138,0.72,8.272,1.369,3.273,0.904,1.643,1.573,1.265,1.223,0.61,4.727,8.444,1.596,5.357,1.266,0.906,0.872,0.539,1.192,2.604,2.927,6.891,1.345,2.509,3.98,4.967,1.195,1.021,1.471,9.178
iLCA (μg/g dry feces),29.763,35.49,157.677,231.997,308.998,272.293,155.35,290.631,370.009,384.134,353.323,218.453,112.844,108.222,141.936,359.125,94.456,141.374,404.682,533.411,335.455,643.889,330.056,281.659,210.98,172.297,597.685,336.247,387.846,435.74,110.191,81.739
β-MCA (μg/g dry feces),11.406,1.584,1.888,5.411,5.538,8.882,1.929,5.407,2.851,4.785,3.276,4.684,1.895,21.096,2.032,3.851,5.62,3.941,2.752,2.733,7.6,6.17,5.521,3.486,2.115,1.522,7.834,6.46,2.822,7.755,2.86,7.677
3-DHCA (μg/g dry feces),54.625,2.062,1.057,6.757,0.9,1.6,1.348,0.584,0.673,4.819,1.132,2.361,0.393,166.754,0.247,0.966,8.552,0.493,0.471,4.979,0.227,3.538,0.748,3.684,0.426,1.145,1.802,0,0.432,14.3,0.377,48.886
MDCA (μg/g dry feces),248.386,11.028,70.918,25.431,46.721,19.129,25.26,16.904,16.082,107.801,10.064,12.832,9.386,35.12,7.927,32.819,165.66,14.963,24.761,16.552,8.37,24.7,17.209,41.574,11.126,19.44,49.191,44.353,21.402,15.769,11.919,40.442
CDCA (μg/g dry feces),289.653,75.359,90.738,1330.151,10.519,12.135,44.148,20.353,13.033,383.511,16.232,45.755,24.868,4640.59,1.674,71.196,84.735,16.375,43.649,167.194,9.848,62.711,17.855,185.87,8.524,55.431,15.432,34.682,12.065,722.062,26.309,656.978
Acetic acid (mg/g dry faeces),48.181,99.515,105.913,65.34,53.073,53.374,69.007,93.923,58.365,164.25,37.017,82.368,47.511,63.325,52.546,99.533,41.644,51.457,92.425,53.295,52.086,136.163,41.704,109.631,68.179,49.655,67.715,94.963,48.914,27.81,58.99,92.048
Propionic acid (mg/g dry faeces),16.16,27.607,31.839,27.952,13.773,9.077,23.464,21.793,21.247,70.461,9.837,28.949,27.059,13.303,12.08,94.871,18.683,14.233,36.268,16.498,13.545,28.896,8.824,25.663,11.842,12.503,17.748,55.367,16.745,8.472,22.81,47.053
Butyric acid (mg/g dry faeces),4.438,22.057,43.591,10.508,11.574,4.263,9.117,27.888,16.75,75.65,4.003,13.802,6.986,8.352,3.808,13.296,5.562,9.756,23.069,2.993,20.65,11.206,3.61,28.957,16.895,7.486,11.449,11.841,7.658,4.432,8.182,9.102
Isobutyric acid (mg/g dry faeces),1.164,0.535,1.708,0.292,1.971,1.161,2.29,1.056,1.723,3.983,0.899,2.419,1.717,0.291,0.633,1.487,0.912,2.121,3.172,0.706,1.152,2.178,0.821,0.529,1.08,1.131,1.312,0.519,0.79,0.721,0.484,0.933
Valeric acid (mg/g dry faeces),1.382,2.258,5.592,5.897,3.396,1.333,3.042,3.275,3.28,11.225,1.371,2.058,0.781,0.881,1.152,2.658,1.216,3.07,4.531,2.602,2.696,2.574,1.169,1.957,2.248,1.908,2.767,1.88,1.413,1.093,1.947,1.508
Isovaleric acid (mg/g dry faeces),1.04,0.783,1.848,0.477,2.3,1.024,2.131,1.164,1.692,2.778,0.941,1.732,1.304,0.443,0.777,1.168,0.827,2.292,2.929,1.06,1.357,1.687,0.756,0.706,1.012,1.098,1.418,0.562,0.793,0.74,0.587,0.846
2-methylbutyric acid (mg/g dry faeces),0.887,0.634,1.407,0.417,1.973,0.988,2.047,1.186,1.53,2.789,0.922,1.639,1.203,0.412,0.676,0.997,0.778,2.004,2.852,0.896,1.144,1.59,0.728,0.549,0.967,1.051,1.333,0.469,0.777,0.687,0.514,0.702